"Vare","Vare_2"
"Agurk1 stk",""
"Aluminiumsfolie 29cm20 m",""
"Amerikansk gryte188 gram",""
"Ananasbiter 3 pk eget m.3 pk",""
"Anthon Berg Marsipanegg124 gram",""
"Appelsin1 kg løsvekt",""
"Avløpsåpner Pulver Plumbo600 gr",""
"Avocado Moden2 pk",""
"Bacon med svor",""
"Bakepulver Freia250 gram",""
"Bali kyllinggryte91 gr",""
"Ballerina kjeks Nougat205 gr",""
"Bamsemums250 gram",""
"Bananer1 kg løsvekt",""
"Barberskum Regular200 ml",""
"Bergensk Fiskesuppe Toro81 gr",""
"Bernaisesaus 1 pose",""
"Bernaisesaus Toro4 pakning",""
"Betasuppe Toro112 gr",""
"Big One Classic Pizza560 gr",""
"Billigst hvetebrød1 stk",""
"Billigste kneip1 stk",""
"Biola Blåbær1 liter",""
"Biola Bringebær syrnet1 liter",""
"Biola Rødbet",""
"Bixit Original300 gram",""
"Bixit Sjokolade200 gram",""
"Blomkål1 stk",""
"Blåbær125 gram",""
"Bog",""
"Bounty Trio85 gr",""
"Bretagne kylling saus27 gram",""
"Bringebær125 gram",""
"Bringebærgele",""
"Bringebærsyltetøy eget merke1000 gram",""
"Bringebærsyltetøy Nora400 gr hjemmelaget",""
"Brokkoli1 stk",""
"Brun saus med løk",""
"Brun saus uten løk",""
"Budweiser USA4",""
"Bulmers Original5 dl",""
"Bønner i Tomatsaus420 gram",""
"Carlsberg flaske3",""
"Carlsberg pilsner5 dl",""
"Champignon1 kg",""
"Cheez Doodles120 gr",""
"Chili Sauce",""
"Chillikreps med aioli180 gr",""
"Coca Cola 4 plastflasker4x1",""
"Coca Cola plastflaske5 dl",""
"Coca Cola1",""
"Corona1 stk",""
"Daim Dobbel Freia56 gr",""
"Daim Strøssel Freia100 gr",""
"Dansk Salami",""
"Delikat rekesalat200 gram",""
"Dent Chrush","Dent Crush"
"Dobbeldusch Sport250 ml",""
"Dolmio Classico500 gr",""
"Dolmio Intens hvitløk500 gr",""
"Druer1 beger røde",""
"Edamer850 gram",""
"Egg billigste type12 stk",""
"Eggnudler eget merke250 gr",""
"Ekte kokt skinke",""
"Ekte Remulade",""
"Enchilada the kit657 gram",""
"Ertestuing 5 minutter Toro164 gr",""
"Familiens Fiskegrateng1 kilo",""
"Fanta Appelsin1",""
"Farris naturell1",""
"Farris Sitron1",""
"Favoritt Salami",""
"Fenalår Stranda100 gram",""
"Ferskgjær original50 gram",""
"Firkløver Freia200 gr",""
"Fisherman`s Friend Orig20 gr",""
"Fisherman`s Friend Salmia25 gr",""
"Fishermans`s Friend Mint25 gr",""
"Fiskeboller eget merke800 gram",""
"FiskekakerBilligste type 500 gr",""
"Fiskepinner Findus750 gram",""
"Fjordland Havregrøt370 gram",""
"Fjordland Kylling Sweet & sour460 gr",""
"Fjordland Pasta med ost og skinkesaus350 gr",""
"Fjordland risgrøt970 gr",""
"Flatbrød Original Ideal300 gram",""
"FløtemysostSkivet",""
"Fløtesaus Toro50 gram",""
"FOX Sitronkaramell2 biter",""
"Freia Dronningsjokolade100gr",""
"Freia Regia kakao10 stk",""
"Freia vaniljesukker 175 gr175 gram",""
"Frydenlund fatøl5 dl",""
"Geisha Risgrøt800 gram",""
"Gifflar kanel300 gr",""
"Gilde Fersk leverpostei150 gram",""
"Gilde Håndlaget Sylte100 gram",""
"Gilde Julesylte100 gram",""
"Gilde original ovnsbakt leverpostei190 gr",""
"Gilde skinnfri kjøttpølse450gr",""
"Gilde smårettsskinke200 gr",""
"Go Morgen Skogsbær195 gr",""
"Go Morgen Vanilje m/nøttemix195 gr",""
"Godt&Blandet Supersur200 gr",""
"Godt&Blandet220 gr",""
"Gorbys30 gram",""
"Grandiosa",""
"Grandiosa Hj.laget m/kjøttdeig 1 kgmed kjøttdeig",""
"Grandiosa Original575 gr",""
"Grandiosa Pizzarull ost&sk.155 gram",""
"Grillpølser eget merke1 kilo",""
"Grillpølser Gilde600 gr",""
"Gräddost380 gram",""
"Gudbrandsdalsost skivet Tine130 gr",""
"Gudbrandsdalsost Tine500 gr",""
"Gullsalami150 gram",""
"Gulost Norvegia",""
"Gulost Synnøve",""
"Gulost Synnøve1 kg",""
"Hamburgerdressing Idun470 gr flaske",""
"Hansa Pilsner5 dl",""
"Havregryn lettkokte Axa1",""
"Heineken5 dl",""
"Helmelk Tine1 liter",""
"Hobby48 gram",""
"Hodekål/Sommerkål1 kg",""
"Hollandaisesaus26 gram",""
"Hvetemel2 kg",""
"Hvetetortillas326 gr (8 lefser)",""
"Hvit julepølse",""
"Hvit saus",""
"Hvitost eget merke1000 gram",""
"Håndsåpe Lano Refill300 ml",""
"Idun Ketchup530 gr",""
"Idun Sennep490 gr",""
"IFA saltpastiller",""
"Indisk Tandoori Chicken290 gram",""
"Isbergsalat1 stk",""
"Iskaffe a la Cappuccino330 ml",""
"Iskaffe a la Mocca330 ml",""
"Italiensk salat eget merke400 gram",""
"Italiensk salat med skinke180 gr",""
"Italienske gryte176 gram",""
"Jalapeños",""
"Japp Duo Freia82 gr",""
"Jasminris Boil in B.",""
"JIF Baderom Spray500 ml",""
"JIF Kjøkken Spray500 ml",""
"JIF Skurekrem500 ml",""
"JIF Universal500 ml",""
"JoikakakerHermetikk 800gr",""
"Jordbærgele",""
"Jordbærsyltetøy eget merke1000 gram",""
"Jordbærsyltetøy Nora400 gr hjemmelaget",""
"Jubelsalami100 gr",""
"Juleansjons",""
"Kalkunfilet Naturell100 gram",""
"Kaptein kjeks200 gr",""
"Karamellsaus",""
"Karbonadedeig billigste type",""
"Karbonader Gilde810 gr",""
"Karbonader800 gr",""
"Kelloggs Corn Flakes",""
"Kesam Vanilje300 gram vanilje",""
"Kinakålstk",""
"King Oscars makrell grov100 gram",""
"Kiwi3 stk",""
"Kiwistk",""
"Kjøttdeig billigste type400 gr",""
"Kjøttkakesaus",""
"Kjøttkakesaus 1 pose",""
"Kokt skinke Gilde110 gr",""
"Komle/raspeballer m vossak.600 gr",""
"Kremet BlomkålsuppePose",""
"Kremet kyllingsuppe Toro RIK20 gram",""
"Kremfløte Tine3 dl",""
"Kremost Ananas og Mandarin125 gram",""
"Kremost Krydder125 gram",""
"Kremost Naturell125 gram",""
"Kremost Pepper125 gram",""
"Krokanrull71 gr",""
"Kroneis Sjokolade Dipl./Henning145 ml",""
"Kronenbourg 16643",""
"Krystal Original750 ml",""
"Kulturmelk",""
"Kvikk lunsj47gr",""
"Kyllingfilet1 kg",""
"Kålrotkg",""
"Laban Seigmenn300 gr",""
"Laks4 pakning pris per 500 gr",""
"Lambi tørkerull4 pk",""
"Lano Dusjsåpe Refill",""
"Lano Håndsåpe300ml",""
"Lasagne Toro310 gr Familiepakning",""
"Lettmelk Tine1 liter",""
"Lettrømme Tine3 dl",""
"Leverpostei",""
"Leverpostei 6 stk6x22gr",""
"Leverpostei100 gr",""
"Limekg",""
"Lion King sjokolade60 gram",""
"Lipton Iste",""
"Lipton Te Yellow25 poser",""
"Litago Melk Jordbær5 dl",""
"Litago Sjokolademelk 0",""
"Lofoten Fiskesuppe69 gram",""
"Lutefisk helside",""
"Mager Cottage Cheese Tine400 gr mager",""
"Mais 2 pk2 stk",""
"Mais eget merke3 pk",""
"Maizena maisstivelse400 gr",""
"Makrell i tomat 6 pk6 stk",""
"Makrell i tomatStabburet",""
"Mandelstang Freia43 gr",""
"Mandler løsvekt500 gram",""
"Mariekjeks200 gram",""
"Matfløte 20%3 dl",""
"Meksikansk Gryte Toro190 gr",""
"Meksikansk tomatsuppePose",""
"Melange Flytende520 ml",""
"Melange Margarin",""
"Melange margarin500 gram",""
"Melis billigste type500 gram",""
"Melkehjerter Freia130 gr",""
"Melkerull Freia74 gr",""
"Melkesjokolade Freia200 gr",""
"Meller38 gram",""
"Mills Kaviar185 gr",""
"Mills Majones tubetube 160 gram",""
"Mills Majones330 gr (2 poser)",""
"Mills Peanøttsmør350 gram",""
"Minde Risbrød290 gram",""
"Mr Lee Nudler Kjøttsmak85 gram",""
"Mr Lee Nudler Kylling koppkopp",""
"Mr Lee Nudler Kyllingstk",""
"Mr.Lee Nudler m/kjøtt kopp65 gr",""
"Møllers Tran500 ml Naturell",""
"Maarud Tortilla",""
"Nakkekoteletter eget merke1 kg",""
"Nektarin1 Kilo",""
"Nescafe Gull",""
"Nescafé Gull refill100 gr",""
"New Energy45 gr",""
"Nidar Marsipanpølse5 stk",""
"Nidar Påskefavoritter300 gram",""
"Nidar Påskemarsipan5 pk",""
"Nidar stor Julegris193 gram",""
"Nonstop180 gram",""
"Nora Agurk Pariser580 gram",""
"Nora Sviskekompott455 gram",""
"Norske Jordbær500 gram",""
"Norvegia skivet300gr",""
"Norvegia1 kg",""
"Nugatti Original500 gram",""
"Oboy450 gr pose",""
"OMO Color Refill490 ml",""
"Omo Color1",""
"Omo Ultra Hvitt1",""
"Oppvasktabletter",""
"Oreo Double157 gram",""
"Ostegrill",""
"Oyster Spring Onion120 gr",""
"Panda Lakris200 gr",""
"Pannekaker Øko. Toro540 gr Familiepakning",""
"Paprika1 kg løsvekt",""
"Peanøttkubbe60gr",""
"Pepe Lakris Big32 gram",""
"Pepperkakedeig1 kilo",""
"Pepperoni Grilstad100 gram",""
"Peppersaus",""
"Peppes originale pizzabunn550 gram",""
"Peppes saus Original180 gram",""
"Peppes Triple Meat545 gram",""
"Pepsi Max1",""
"Philadelphia light200gr",""
"Piano Jordbærgele10 dl",""
"Piano Sjokoladepudding1 liter",""
"Piano Vaniljesaus",""
"Piano vaniljesaus1 liter",""
"Picnicskinke Stabburet325 gr",""
"Pinnekjøtt",""
"Pizza/ bakeark18",""
"Pizzafyll Mexicana",""
"Pizzafyll Tomat og løk50 gr",""
"Pizzafyll tomat og urter58 gr",""
"Pizzasaus",""
"Plastfolie Glad50 m",""
"Polarbrød Havre16 pk",""
"Polarbrød Hvete16 pk",""
"Polly peanøtter330 gram",""
"Potetgull Maarud Paprika250 gram",""
"Potetgull Maarud Salt240 gr Salt",""
"Potetkaker",""
"Potetmel500 gr",""
"Potetmos MillsVanlig",""
"Potetsalat Klassisk500 gr",""
"Prim original Tine300 gr",""
"Pringles Original200 gr",""
"Prior Kalkun",""
"Prior Kalkunfilet m pepper100 gram",""
"PS sprøstekt løk100 gr",""
"Purreløkkg",""
"Pærerkg",""
"Q frokost Yoghurt",""
"Quaker Cruesli Solfrokost500 gram",""
"Raspeballer Stangeland1 kilo",""
"Revet ost original Tine300gr",""
"Ribberull Gilde100 gr",""
"Ringnes juleøl5 dl",""
"Ringnes Lite5 dl",""
"Ringnes pils1 stk 0",""
"Rislunsj m/bringebær & rips150 gr",""
"Rislunsj m/jordbær150 gr",""
"Ritz kjeks200 gram",""
"Rosenkål400 gram",""
"Rosiner eget merke250 gram",""
"Rødbetsalat",""
"Rødkål450",""
"Rømmedressing",""
"Saltstenger Soletti250 gram",""
"Sennep Maille Dijon380 gram",""
"Servelat eget merke250 gram",""
"Sitrongele125 gram",""
"Skivet Ridderost Tine170 gr",""
"Skummet melk Tine1 liter",""
"Skyr luftig bringebær130 gram",""
"Skyr luftig sitron130 gram",""
"Smacks Honnikorn375 gr",""
"Smash200 gr",""
"Smil Sjokolade78 gram",""
"Smøreost Bacon tube175 gr",""
"Smøreost Skinke tube175 gr",""
"Smågodt1 hg",""
"Snøfrisk125 gr",""
"Soft Flora steke & bake500 gr",""
"Solo plastflaske0",""
"Solo Plastflaske1",""
"Sopps snarkokt makaroni650gr",""
"Soyasaus Kikkoman150 ml",""
"Spaghetti A la Capri870 gram",""
"Spenol250 ml fuktighetskrem",""
"Spice Mix Fajitas30 gram",""
"Sriracha-Saus215 ml",""
"Stabbur-Makrell",""
"Stjernebacon140 gr",""
"Storfe Ytrefilet150 gram",""
"Strandaskinke70 gr",""
"Sukkerkulør",""
"Sun Lolly Jordbær10 stk",""
"Sunmaid rosiner500 gr",""
"Surkål Nora450 gram",""
"Sursild eget merke1 kilo",""
"Svin Indrefilet500 gram",""
"Svisker",""
"Sweet Baby Rays510 gram",""
"Sætre Snackers120 gr",""
"Taco dinner kit",""
"Taco salsa medium",""
"Taco shells",""
"Taco spice mix 3X25G",""
"Tacosaus billigste type",""
"Tacosaus eget merke",""
"Tacosaus Hot",""
"Tacosaus Medium",""
"Thousand Island",""
"Tine Meierismør1/2 kilo",""
"Tine Sjokomelk1 lit",""
"Tine Yoghurt Jordbær 4pk4x150gr",""
"Tine Yoghurt Melon/pasjonsfrukt 4pk4x150gr",""
"Tine Yoghurt Vanilje 4pk4 pk",""
"Tine Yoghurt Vanilje500 gram",""
"Tomatbønner",""
"Tomatpurre Staveland180 gr","Tomatpurre Stavland180 gr"
"Tomatsuppe m/makaroni119 gr",""
"Tomatsuppe Original91 gr",""
"Tomtegløgg Original500 ml",""
"Toppris60gr",""
"Toro Brownies530 gram",""
"Toro Pizzabunn familiepakn.370 gram",""
"Torsk m purresaus",""
"Tortillas beger8 stk",""
"Totalsum",""
"Troika66 gr",""
"Trondhjems brun lapskaus800",""
"Tuborg juleøl5 dl",""
"Tuborg Lite5 dl",""
"Tuborg liten boks3",""
"Tuborg pils5 dl",""
"Tunfisk i Olivenolje eget merke185 gram",""
"Tynnribbe",""
"Tyttebærsyltetøy Nora Hj.laget400 gr",""
"Uncle Ben`s Sweet & Sour Original450 gr",""
"Uncle Bens Tikka Masala450 gram",""
"Vafler liten pk",""
"Vafler Toro Fam/Pk591 gr",""
"Vaniljeis eget merke3 liter",""
"Vannmelon1 kilo",""
"Vitaminbjørner Collet ny60 stk",""
"Vossafår91 gr",""
"Wasa Rugsprø200gr",""
"WC Duck Blått1 stk",""
"Whiskas Sticks Laks1 stk",""
"Wienerpølser Gilde520 gr",""
"Woksaus Sweet and sour120 gr",""
"Woksaus Teriyaki120 gram",""
"Yoplait Yoghurt Vanilje4 stk",""
"Aas juleøl5 dl",""
